product_name,trend,forecast_monthly,safety_stock,on_hand,on_order,order_qty,order_value
Pegasus,1.13894424855639,68734.336280171,41632.95964901796,116300,35300,96200.0,4136600.0
Vomero,1.1660623153370937,52642.85494448921,37730.14198287051,76300,52000,67400.0,3370000.0
Invincible Run,1.2,23372.0,12498.244239065692,45400,24500,12700.0,698500.0
Pro Tights,0.9292215440625335,30462.979619516726,13952.849288197629,48000,19600,37700.0,452400.0
Jordan Luka,1.0445714285714285,9503.859047619047,6029.712868622209,20000,3700,10800.0,432000.0
Air Jordan 4,0.8672289909403312,17533.202124336145,9957.19387150733,48900,7400,6300.0,365400.0
Sabrina,1.0957865168539327,13565.837078651686,4888.801217055724,24900,12900,7800.0,296400.0
Dri-FIT Tee,1.0083333333333333,63194.77083333333,22370.147176064133,119500,51000,41500.0,290500.0
Structure,1.1612015018773467,14787.90112640801,8550.945247085585,36500,14600,1800.0,75600.0
Giannis Freak,0.9069767441860465,10616.162790697674,6026.791519658356,31800,9800,0.0,0.0
Air Jordan 1 High,0.8869350006512962,22686.31909165907,13729.626374865458,110900,5300,0.0,0.0
LeBron Signature,0.9527789385708315,8184.371082323442,4651.989101150173,30900,2800,0.0,0.0
Dunk Low,1.080992718085897,27050.9419428345,14908.644033807968,184900,5200,0.0,0.0
Air Force 1,0.96318407960199,51456.50414593698,28001.898247774345,165800,52800,0.0,0.0
Air Max 90,0.9029493319889085,11740.598689185783,5763.915409213133,64600,2900,0.0,0.0
Tech Fleece Hoodie,1.00048626306832,27636.765540157226,7509.934710234421,81100,31300,0.0,0.0
Metcon,0.9839027595269384,10859.006789312309,6255.95698851379,28000,11300,0.0,0.0
Club Fleece Crew,1.022844656336909,35607.779598728644,10519.517019808001,88100,34400,0.0,0.0
Chuck Taylor All Star,0.9166860060338825,26993.347257677728,12187.081537945438,171600,3000,0.0,0.0
Chuck 70,0.9585994795363141,13279.798123176404,4538.56780245043,75600,4500,0.0,0.0
