sku,month,units_sold
NK-BB-01,2024-10,9160
NK-BB-01,2024-11,10130
NK-BB-01,2024-12,9880
NK-BB-01,2025-01,9490
NK-BB-01,2025-02,10360
NK-BB-01,2025-03,7560
NK-BB-01,2025-04,8590
NK-BB-01,2025-05,7970
NK-BB-01,2025-06,7410
NK-BB-01,2025-07,6470
NK-BB-01,2025-08,7750
NK-BB-01,2025-09,8560
NK-BB-01,2025-10,9500
NK-BB-01,2025-11,9710
NK-BB-01,2025-12,11360
NK-BB-01,2026-01,9010
NK-BB-01,2026-02,8390
NK-BB-01,2026-03,8380
NK-BB-01,2026-04,7950
NK-BB-01,2026-05,8160
NK-BB-01,2026-06,7820
NK-BB-01,2026-07,7080
NK-BB-01,2026-08,8100
NK-BB-01,2026-09,7620
NK-BB-02,2024-10,12790
NK-BB-02,2024-11,12280
NK-BB-02,2024-12,15130
NK-BB-02,2025-01,12970
NK-BB-02,2025-02,11650
NK-BB-02,2025-03,11030
NK-BB-02,2025-04,11690
NK-BB-02,2025-05,11520
NK-BB-02,2025-06,12530
NK-BB-02,2025-07,12580
NK-BB-02,2025-08,11160
NK-BB-02,2025-09,11600
NK-BB-02,2025-10,10950
NK-BB-02,2025-11,14100
NK-BB-02,2025-12,13460
NK-BB-02,2026-01,12760
NK-BB-02,2026-02,12550
NK-BB-02,2026-03,11860
NK-BB-02,2026-04,12370
NK-BB-02,2026-05,10940
NK-BB-02,2026-06,10660
NK-BB-02,2026-07,9350
NK-BB-02,2026-08,9350
NK-BB-02,2026-09,12110
NK-BB-03,2024-10,8890
NK-BB-03,2024-11,10170
NK-BB-03,2024-12,9680
NK-BB-03,2025-01,8580
NK-BB-03,2025-02,8960
NK-BB-03,2025-03,8530
NK-BB-03,2025-04,10310
NK-BB-03,2025-05,8000
NK-BB-03,2025-06,9360
NK-BB-03,2025-07,7880
NK-BB-03,2025-08,9900
NK-BB-03,2025-09,11360
NK-BB-03,2025-10,11690
NK-BB-03,2025-11,12640
NK-BB-03,2025-12,12850
NK-BB-03,2026-01,13200
NK-BB-03,2026-02,12590
NK-BB-03,2026-03,10980
NK-BB-03,2026-04,10640
NK-BB-03,2026-05,11670
NK-BB-03,2026-06,13290
NK-BB-03,2026-07,11570
NK-BB-03,2026-08,12280
NK-BB-03,2026-09,15160
NK-CV-01,2024-10,52670
NK-CV-01,2024-11,48150
NK-CV-01,2024-12,41690
NK-CV-01,2025-01,40520
NK-CV-01,2025-02,37000
NK-CV-01,2025-03,40280
NK-CV-01,2025-04,42600
NK-CV-01,2025-05,44770
NK-CV-01,2025-06,40260
NK-CV-01,2025-07,43560
NK-CV-01,2025-08,33770
NK-CV-01,2025-09,34350
NK-CV-01,2025-10,38210
NK-CV-01,2025-11,31240
NK-CV-01,2025-12,34930
NK-CV-01,2026-01,27560
NK-CV-01,2026-02,27770
NK-CV-01,2026-03,28470
NK-CV-01,2026-04,28730
NK-CV-01,2026-05,27750
NK-CV-01,2026-06,29700
NK-CV-01,2026-07,25950
NK-CV-01,2026-08,27160
NK-CV-01,2026-09,25890
NK-CV-02,2024-10,19690
NK-CV-02,2024-11,18120
NK-CV-02,2024-12,20560
NK-CV-02,2025-01,14370
NK-CV-02,2025-02,16030
NK-CV-02,2025-03,15040
NK-CV-02,2025-04,16180
NK-CV-02,2025-05,20880
NK-CV-02,2025-06,19730
NK-CV-02,2025-07,16970
NK-CV-02,2025-08,14790
NK-CV-02,2025-09,11950
NK-CV-02,2025-10,13920
NK-CV-02,2025-11,16980
NK-CV-02,2025-12,15160
NK-CV-02,2026-01,12320
NK-CV-02,2026-02,13080
NK-CV-02,2026-03,11990
NK-CV-02,2026-04,13740
NK-CV-02,2026-05,14530
NK-CV-02,2026-06,14000
NK-CV-02,2026-07,14660
NK-CV-02,2026-08,13230
NK-CV-02,2026-09,12630
NK-JD-01,2024-10,29010
NK-JD-01,2024-11,37180
NK-JD-01,2024-12,38010
NK-JD-01,2025-01,32690
NK-JD-01,2025-02,29240
NK-JD-01,2025-03,25740
NK-JD-01,2025-04,25150
NK-JD-01,2025-05,31660
NK-JD-01,2025-06,29920
NK-JD-01,2025-07,25660
NK-JD-01,2025-08,26300
NK-JD-01,2025-09,30000
NK-JD-01,2025-10,24240
NK-JD-01,2025-11,28110
NK-JD-01,2025-12,34250
NK-JD-01,2026-01,24990
NK-JD-01,2026-02,25530
NK-JD-01,2026-03,24960
NK-JD-01,2026-04,25710
NK-JD-01,2026-05,27580
NK-JD-01,2026-06,23480
NK-JD-01,2026-07,24270
NK-JD-01,2026-08,20100
NK-JD-01,2026-09,23720
NK-JD-02,2024-10,16740
NK-JD-02,2024-11,20250
NK-JD-02,2024-12,24390
NK-JD-02,2025-01,16330
NK-JD-02,2025-02,18410
NK-JD-02,2025-03,17740
NK-JD-02,2025-04,18060
NK-JD-02,2025-05,20130
NK-JD-02,2025-06,18560
NK-JD-02,2025-07,19800
NK-JD-02,2025-08,18690
NK-JD-02,2025-09,17960
NK-JD-02,2025-10,18770
NK-JD-02,2025-11,22520
NK-JD-02,2025-12,24470
NK-JD-02,2026-01,17720
NK-JD-02,2026-02,19640
NK-JD-02,2026-03,19950
NK-JD-02,2026-04,23660
NK-JD-02,2026-05,22760
NK-JD-02,2026-06,17600
NK-JD-02,2026-07,18550
NK-JD-02,2026-08,17740
NK-JD-02,2026-09,19230
NK-JD-03,2024-10,6590
NK-JD-03,2024-11,7720
NK-JD-03,2024-12,7420
NK-JD-03,2025-01,7160
NK-JD-03,2025-02,6720
NK-JD-03,2025-03,7120
NK-JD-03,2025-04,6990
NK-JD-03,2025-05,7550
NK-JD-03,2025-06,6290
NK-JD-03,2025-07,6530
NK-JD-03,2025-08,9230
NK-JD-03,2025-09,7160
NK-JD-03,2025-10,7370
NK-JD-03,2025-11,10780
NK-JD-03,2025-12,12740
NK-JD-03,2026-01,7590
NK-JD-03,2026-02,8220
NK-JD-03,2026-03,8810
NK-JD-03,2026-04,9880
NK-JD-03,2026-05,8090
NK-JD-03,2026-06,8280
NK-JD-03,2026-07,9070
NK-JD-03,2026-08,9420
NK-JD-03,2026-09,8930
NK-RUN-01,2024-10,43020
NK-RUN-01,2024-11,37310
NK-RUN-01,2024-12,41690
NK-RUN-01,2025-01,40740
NK-RUN-01,2025-02,32610
NK-RUN-01,2025-03,37390
NK-RUN-01,2025-04,45390
NK-RUN-01,2025-05,49380
NK-RUN-01,2025-06,56520
NK-RUN-01,2025-07,56120
NK-RUN-01,2025-08,63020
NK-RUN-01,2025-09,58240
NK-RUN-01,2025-10,53550
NK-RUN-01,2025-11,56270
NK-RUN-01,2025-12,51740
NK-RUN-01,2026-01,44740
NK-RUN-01,2026-02,50450
NK-RUN-01,2026-03,48870
NK-RUN-01,2026-04,60990
NK-RUN-01,2026-05,63990
NK-RUN-01,2026-06,70710
NK-RUN-01,2026-07,72230
NK-RUN-01,2026-08,81970
NK-RUN-01,2026-09,68680
NK-RUN-02,2024-10,27110
NK-RUN-02,2024-11,26180
NK-RUN-02,2024-12,25640
NK-RUN-02,2025-01,24980
NK-RUN-02,2025-02,29140
NK-RUN-02,2025-03,26250
NK-RUN-02,2025-04,28280
NK-RUN-02,2025-05,31390
NK-RUN-02,2025-06,39740
NK-RUN-02,2025-07,44390
NK-RUN-02,2025-08,39820
NK-RUN-02,2025-09,35250
NK-RUN-02,2025-10,34620
NK-RUN-02,2025-11,38160
NK-RUN-02,2025-12,37500
NK-RUN-02,2026-01,35930
NK-RUN-02,2026-02,33580
NK-RUN-02,2026-03,39390
NK-RUN-02,2026-04,42440
NK-RUN-02,2026-05,48710
NK-RUN-02,2026-06,57770
NK-RUN-02,2026-07,59080
NK-RUN-02,2026-08,60400
NK-RUN-02,2026-09,54170
NK-RUN-03,2024-10,13250
NK-RUN-03,2024-11,14090
NK-RUN-03,2024-12,13380
NK-RUN-03,2025-01,12650
NK-RUN-03,2025-02,13230
NK-RUN-03,2025-03,16280
NK-RUN-03,2025-04,14500
NK-RUN-03,2025-05,18830
NK-RUN-03,2025-06,16820
NK-RUN-03,2025-07,20030
NK-RUN-03,2025-08,20280
NK-RUN-03,2025-09,19420
NK-RUN-03,2025-10,18950
NK-RUN-03,2025-11,18390
NK-RUN-03,2025-12,16160
NK-RUN-03,2026-01,15350
NK-RUN-03,2026-02,17290
NK-RUN-03,2026-03,17120
NK-RUN-03,2026-04,16730
NK-RUN-03,2026-05,19000
NK-RUN-03,2026-06,21520
NK-RUN-03,2026-07,25590
NK-RUN-03,2026-08,24210
NK-RUN-03,2026-09,23410
NK-RUN-04,2024-10,11550
NK-RUN-04,2024-11,10290
NK-RUN-04,2024-12,10470
NK-RUN-04,2025-01,9120
NK-RUN-04,2025-02,9450
NK-RUN-04,2025-03,10090
NK-RUN-04,2025-04,10030
NK-RUN-04,2025-05,12870
NK-RUN-04,2025-06,13180
NK-RUN-04,2025-07,14450
NK-RUN-04,2025-08,14510
NK-RUN-04,2025-09,13350
NK-RUN-04,2025-10,13050
NK-RUN-04,2025-11,11800
NK-RUN-04,2025-12,10990
NK-RUN-04,2026-01,10790
NK-RUN-04,2026-02,9480
NK-RUN-04,2026-03,10370
NK-RUN-04,2026-04,11180
NK-RUN-04,2026-05,12840
NK-RUN-04,2026-06,15930
NK-RUN-04,2026-07,15090
NK-RUN-04,2026-08,15270
NK-RUN-04,2026-09,16030
NK-SW-01,2024-10,53950
NK-SW-01,2024-11,58970
NK-SW-01,2024-12,66690
NK-SW-01,2025-01,46740
NK-SW-01,2025-02,50550
NK-SW-01,2025-03,55360
NK-SW-01,2025-04,54360
NK-SW-01,2025-05,54980
NK-SW-01,2025-06,53490
NK-SW-01,2025-07,53050
NK-SW-01,2025-08,52280
NK-SW-01,2025-09,56660
NK-SW-01,2025-10,52010
NK-SW-01,2025-11,67040
NK-SW-01,2025-12,70250
NK-SW-01,2026-01,48050
NK-SW-01,2026-02,43590
NK-SW-01,2026-03,44460
NK-SW-01,2026-04,56050
NK-SW-01,2026-05,52040
NK-SW-01,2026-06,52710
NK-SW-01,2026-07,43500
NK-SW-01,2026-08,56800
NK-SW-01,2026-09,54580
NK-SW-02,2024-10,40840
NK-SW-02,2024-11,42950
NK-SW-02,2024-12,44290
NK-SW-02,2025-01,32790
NK-SW-02,2025-02,31490
NK-SW-02,2025-03,33370
NK-SW-02,2025-04,37700
NK-SW-02,2025-05,26060
NK-SW-02,2025-06,31270
NK-SW-02,2025-07,31420
NK-SW-02,2025-08,32370
NK-SW-02,2025-09,29820
NK-SW-02,2025-10,24450
NK-SW-02,2025-11,31210
NK-SW-02,2025-12,36710
NK-SW-02,2026-01,20630
NK-SW-02,2026-02,24430
NK-SW-02,2026-03,22830
NK-SW-02,2026-04,23870
NK-SW-02,2026-05,21360
NK-SW-02,2026-06,22060
NK-SW-02,2026-07,24320
NK-SW-02,2026-08,23530
NK-SW-02,2026-09,24890
NK-SW-03,2024-10,18230
NK-SW-03,2024-11,18000
NK-SW-03,2024-12,19980
NK-SW-03,2025-01,13560
NK-SW-03,2025-02,13790
NK-SW-03,2025-03,13510
NK-SW-03,2025-04,16060
NK-SW-03,2025-05,13320
NK-SW-03,2025-06,15440
NK-SW-03,2025-07,14130
NK-SW-03,2025-08,16280
NK-SW-03,2025-09,15590
NK-SW-03,2025-10,15860
NK-SW-03,2025-11,15920
NK-SW-03,2025-12,14180
NK-SW-03,2026-01,11950
NK-SW-03,2026-02,10760
NK-SW-03,2026-03,11870
NK-SW-03,2026-04,14430
NK-SW-03,2026-05,13370
NK-SW-03,2026-06,11870
NK-SW-03,2026-07,11410
NK-SW-03,2026-08,12920
NK-SW-03,2026-09,11490
NK-SW-04,2024-10,22750
NK-SW-04,2024-11,29010
NK-SW-04,2024-12,30570
NK-SW-04,2025-01,17960
NK-SW-04,2025-02,22660
NK-SW-04,2025-03,23630
NK-SW-04,2025-04,25700
NK-SW-04,2025-05,28260
NK-SW-04,2025-06,21020
NK-SW-04,2025-07,24130
NK-SW-04,2025-08,28020
NK-SW-04,2025-09,23510
NK-SW-04,2025-10,28830
NK-SW-04,2025-11,29380
NK-SW-04,2025-12,33440
NK-SW-04,2026-01,22550
NK-SW-04,2026-02,25320
NK-SW-04,2026-03,27400
NK-SW-04,2026-04,27230
NK-SW-04,2026-05,27390
NK-SW-04,2026-06,27640
NK-SW-04,2026-07,25330
NK-SW-04,2026-08,28410
NK-SW-04,2026-09,28560
NK-SW-05,2024-10,32040
NK-SW-05,2024-11,38110
NK-SW-05,2024-12,46980
NK-SW-05,2025-01,29630
NK-SW-05,2025-02,29430
NK-SW-05,2025-03,33790
NK-SW-05,2025-04,37360
NK-SW-05,2025-05,35030
NK-SW-05,2025-06,38720
NK-SW-05,2025-07,37400
NK-SW-05,2025-08,39220
NK-SW-05,2025-09,38380
NK-SW-05,2025-10,41520
NK-SW-05,2025-11,37870
NK-SW-05,2025-12,35270
NK-SW-05,2026-01,35540
NK-SW-05,2026-02,30350
NK-SW-05,2026-03,33540
NK-SW-05,2026-04,38670
NK-SW-05,2026-05,30510
NK-SW-05,2026-06,31500
NK-SW-05,2026-07,30520
NK-SW-05,2026-08,34420
NK-SW-05,2026-09,38040
NK-TR-01,2024-10,8430
NK-TR-01,2024-11,7810
NK-TR-01,2024-12,10720
NK-TR-01,2025-01,12810
NK-TR-01,2025-02,11770
NK-TR-01,2025-03,10990
NK-TR-01,2025-04,10080
NK-TR-01,2025-05,10660
NK-TR-01,2025-06,9770
NK-TR-01,2025-07,10080
NK-TR-01,2025-08,9710
NK-TR-01,2025-09,10760
NK-TR-01,2025-10,10620
NK-TR-01,2025-11,11230
NK-TR-01,2025-12,11370
NK-TR-01,2026-01,15260
NK-TR-01,2026-02,12230
NK-TR-01,2026-03,11340
NK-TR-01,2026-04,11690
NK-TR-01,2026-05,9290
NK-TR-01,2026-06,9460
NK-TR-01,2026-07,9380
NK-TR-01,2026-08,9210
NK-TR-01,2026-09,11360
NK-TR-02,2024-10,57900
NK-TR-02,2024-11,62210
NK-TR-02,2024-12,70250
NK-TR-02,2025-01,78500
NK-TR-02,2025-02,74320
NK-TR-02,2025-03,61660
NK-TR-02,2025-04,54470
NK-TR-02,2025-05,55830
NK-TR-02,2025-06,49150
NK-TR-02,2025-07,52000
NK-TR-02,2025-08,57620
NK-TR-02,2025-09,66720
NK-TR-02,2025-10,68030
NK-TR-02,2025-11,53400
NK-TR-02,2025-12,68710
NK-TR-02,2026-01,75920
NK-TR-02,2026-02,73020
NK-TR-02,2026-03,63540
NK-TR-02,2026-04,52280
NK-TR-02,2026-05,66060
NK-TR-02,2026-06,55660
NK-TR-02,2026-07,56210
NK-TR-02,2026-08,56910
NK-TR-02,2026-09,62330
NK-TR-03,2024-10,27300
NK-TR-03,2024-11,27640
NK-TR-03,2024-12,33160
NK-TR-03,2025-01,36470
NK-TR-03,2025-02,28260
NK-TR-03,2025-03,31940
NK-TR-03,2025-04,27490
NK-TR-03,2025-05,31060
NK-TR-03,2025-06,28120
NK-TR-03,2025-07,27270
NK-TR-03,2025-08,30200
NK-TR-03,2025-09,36110
NK-TR-03,2025-10,34950
NK-TR-03,2025-11,30440
NK-TR-03,2025-12,34230
NK-TR-03,2026-01,45900
NK-TR-03,2026-02,33670
NK-TR-03,2026-03,34040
NK-TR-03,2026-04,31750
NK-TR-03,2026-05,32940
NK-TR-03,2026-06,28700
NK-TR-03,2026-07,27110
NK-TR-03,2026-08,27620
NK-TR-03,2026-09,32050
